txt_ind,txt_sun
abu,abu
adopsi,adopsi
aduh,adeuh
aktif,aktif
aku,abdi
alam,alam
alasan,alesan
aman,aman
amat,meuni
ambil,bantun
ancam,ancem
ancaman,ancaman
aneh,aheng
anehnya,ahengna
anggun,alus
anti,anti
antisipasi,antisipasi
api,seuneu
apresiasi,muji
asing,asing
asyik,asik
badass,ajib
bagi,jang
bagus,alus
bahagia,atoh
bahaya,bahaya
baik,alus
ban,ban
bangga,agul
bantu,banteun
batal,batal
batas,watas
bebas,bebas
beberapa,babaraha
bela,bela
belakang,pengker
benar,baleg
bencana,bala
benci,ceuceub
berani,ludeung
berarti,hartina
berat,abot
berbahaya,ngabahayakeun
berdarah,getihan
berdoa,ngadoa
berduka,berduka
berguna,guna
berhak,berhak
berharap,ngaharepkeun
beri,bere
berkomitmen,komitmen
berlebihan,leuleuwihan
bermanfaat,aya gunana
bersaing,nyaingan
bersama,bareng
bersedih,hanjelu
bersembunyi,nyumput
bersorak,ngagorowok
besar,ageung
biadab,biadab
biaya,biaya
bingung,bingung
bodoh,belet
bohong,bohong
bom,bom
buka,buka
bunga,kembang
bungkam,balem
bunuh,maehan
bunuh diri,bunuh diri
buruk,awon
buta,buta
cantik,ayu
capai,cape
cari,milarian
cedera,bareuh
cegah,cegah
cemas,hariwang
cepat,enggal
cerdas,calakan
cinta,bogoh
cium,ambeu
cocok,cocog
copet,copet
damai,damai
dapat,menang
daya,daya
diabaikan,diantepkeun
diam,anteng
diancam,diancam
dibersihkan,diberesihkeun
dicuri,dicolong
dihukum,dihukum
dikalahkan,dielehkeun
dipercaya,dipercanten
dipermalukan,dieera
dipertanyakan,dipertaroskeun
diprovokasi,diprovokasi
disebut-sebut,dicarioskeun
ditakuti,disieunan
ditangkap,ditangkeup
diteror,diteror
ditinggalkan,ditinggal
ditingkatkan,dironjatkeun
dituduh,dituduh
ditunda,ditunda
doa,du'a
doktrin,doktrin
duka,duka
dukung,dukung
dukungan,dukungan
efektif,efektif
eksklusif,eksklusif
empati,empati
fitnah,fitnah
fokus,fokus
gagah,digjaya
gagal,bedo
gampang,cetek
ganggu,ganggu
gaya,ceta
gelap,poek
gentar,gentar
gertak,gertak
gila,burung
guncang,endag
guncangan,endagan
ha,ha
habis,beak
hal,hal
hancur,ancur
hantu,demit
harapan,harapan
harga,hargi
harta,harta
hasil,hasil
hati,ati
hati-hati,ati-ati
hebat,dahsyat
heboh,geger
heroik,heroik
hidup,hirup
hilang,ical
hukum,hukum
ikut,milu
ilham,ilham
iman,iman
indah,endah
ingat,emut
ingin,arek
interogasi,interogasi
isi,eusi
istimewa,istimewa
jahat,durjana
jamin,jamin
jatuh,geubis
jawab,jawab
jaya,jaya
jelas,jentre
jelek,awon
jenis,jinis
jual,ical
kalah,eleh
kalimat,kalimah
kapal,kapal
karya,karya
kasihan,karunya
kaya,bagja
keadilan,kaadilan
keamanan,kaamanan
kebaikan,kaalusan
kebencian,kaceuceuban
keberanian,kawani
kebetulan,kabeneran
kecewa,kuciwa
kehancuran,kaancuran
kehilangan,kahilangan
kejahatan,kajahatan
kejam,kejam
keji,keji
kekayaan,kabagjaan
kekerasan,kakerasan
kekuatan,kakiatan
kelaparan,kalaparan
keluar,kaluar
kematian,kamatian
kembali,balik
kena,beunang
kenal,apal
kenyamanan,kamerenahan
kepentingan,kapentingan
keras,heuras
keren,ajib
kerugian,buntung
kerusakan,karajetan
kesalahan,kalepatan
kesan,kesan
kesempatan,kasempetan
kesepian,kesepian
kesulitan,kahese
ketakutan,kasieunan
ketat,heureut
ketegangan,karangkengan
kompak,kompak
konflik,konflik
konspirasi,konspirasi
korban,korban
korban jiwa,korban jiwa
kosong,euweuh
kotor,bagedur
kuat,kiat
kurang,kirang
kutuk,kutuk
kutukan,kutukan
langgar,langgar
larang,caram
larangan,larangan
lawan,lawan
layak,pantes
lebih,langkung
lebih baik,langkung sae
lembut,halus
lengkap,komplit
lenyap,lapur
lewat,langkung
lihat,deuleu
lmao,barakatak
luar biasa,luar biasa
lucu,lucu
luka,bareuh
lupa,hilap
maaf,hampura
mahal,awis
mampu,kaduga
marah,ambek
masalah,ihwal
mati,maot
mayat,layon
melakukan,ngadamel
melanggar,ngalanggar
melemahkan,ngalemahkeun
melindungi,nangtayungan
melumpuhkan,ngalumpuhkeun
memastikan,mastikeun
membahayakan,ngabahayakeun
membantu,ngabantos
membatalkan,ngabatalkeun
membenci,ceuceub
membuka,muka
membunuh,maehan
memerangi,memerangi
mempertanyakan,dipikataros
memuji,muji
menahan,nahan
menanti,ngadagoan
menarik,betot
mencurigakan,nyurigakeun
mendapatkan,nampi
menderita,nalangsa
mendoktrin,ngadoktrin
mendorong,ngadorong
mendukung,ngadukung
mendung,ceudeum
menembak,newak
menerima,nampi
mengakui,ngaku
mengamankan,ngamankeun
mengeluarkan,ngaluarkeun
mengembalikan,malikeun
mengerikan,keeung
menghancurkan,ngancurkeun
menghargai,ngahargaan
menghindari,ngahindaran
mengusir,ngusir
mengutuk,ngalaknat
meninggal,maot
meningkatkan,ngaronjatkeun
menolak,nampik
menunggu,ngadagoan
menurunkan,lungsurkeun
menyadari,eling
menyalahkan,nyalahkeun
menyambut,ngabageakeun
menyebabkan,nyebabkeun
menyerang,narajang
menyeret,ngagusur
menyesatkan,nyesatkeun
menyita,nyita
meragukan,ngaragukeun
meruntuhkan,ngarugrugkeun
minta,menta
minta maaf,menta hampura
miskin,malarat
moga,mugia
muda,anom
mudah,gampang
muka,beungeut
mulia,mulya
mundur,mundur
murah,mirah
murka,ambek
musuh,musuh
nanti,engke
nekat,nekad
neraka,naraka
ngeri,keeung
ngerti,ngarti
nilai,nilai
oke,enya
oleh,ku
orang bodoh,jalmi belet
pada,dina
padat,padet
pahlawan,pahlawan
palsu,palsu
panas,hareudang
panik,hibut
panjang,panjang
pantat,bujur
parodi,heureuy
pasti,pasti
pecah,beulah
peduli,paduli
pelaku,palaku
pelaku kejahatan,palaku kajahatan
pembela,nu ngabela
pemberani,nu wani
pemberontakan,karaman
penangkapan,panangkapan
pendukung,nu ngadukung
penembakan,panembakan
pengecut,kecingan
pengunjung,nu sumping
penjara,panjara
penting,penting
penuh,pinuh
penularan,panepaan
penyelamat,penyelamat
penyelidikan,panyelidikan
perampok,bajo
perang,perang
perasaan,rarasaan
percaya,percanten
perdamaian,katengtreman
peringatan,pangemutan
perjuangan,perjuangan
pertanyaan,pertarosan
pertempuran,pertempuran
pikir,mikir
pintar,calakan
populer,kakoncara
positif,positif
potong,beulah
puja,muja
puji,muji
pukul,babuk
pulih,cageur
pura,pura
pusing,lieur
racun,peurah
rahmat,rahmat
rampas,jabel
ras,ras
raya,ageung
rela,ikhlas
rindu,sono
runtuh,rugrug
sadar,eling
saham,saham
sakit,gering
salah,lepat
salam,salam
salut,salut
sama,sami
samping,gigir
sangat,meuni
santai,jongjon
sapa,nyapa
saran,bongbolongan
sayang,deudeuh
sebab,sabab
sebut,carios
sedih,hanjelu
segan,segen
selamat,salamat
selesai,beres
semangat,sumanget
sembunyi,nyumput
semoga,mugia
sempat,kaburu
senang,atoh
sendiri,nyalira
senjata,pakarang
senyum,keom
seperti,jiga
sepi,jempling
seragam,saragam
seram,pikasieuneun
serang,rajang
serangan,rajangan
serikat,sarikat
siap,siap
sigap,sigap
silahkan,mangga
simpati,simpati
simpatik,simpatik
solidaritas,solidaritas
sopan,lemes
stres,aral
striker,nu ngarajang
suap,huap
suka,bogoh
sulit,hese
super,pisan
surga,sorga
susah,hese
tabah,pangger
tabrak,nabrak
tahan,nahan
tahanan,palisan
tak kalah,teu eleh
takut,sieun
tanggung jawab,tanggung jawab
tangis,ceurik
tangkap,nanggep
tantangan,tangtangan
tanya,taros
tegang,kaku
tegas,teges
tembak,bedil
tempur,tempur
tenang,anteng
tenggelam,tikarelep
tentang,ihwal
tentu,tangtos
teramat,pang
terbesar,pang ageungna
terbunuh,kabunuh
terganggu,kaganggu
tergantung,gumantung
teriak,goak
teriakan,goakan
terima,nampi
terima kasih,hatur nuhun
terimakasih,hatur nuhun
terkejut,reuwas
terkena,beunang
terluka,getihan
teror,teror
terpengaruh,kapangaruh
tersangka,kasangka
tersinggung,kasigeung
tertarik,kabedol
tertentu,nu tangtos
tertinggal,katinggalan
tidak,heunteu
tidak aman,teu aman
tinggal,dumuk
tingkat,ronjat
tragedi,tragedi
trauma,trauma
tubuh,awak
tuduhan,tuduhan
tukang jualan,tukang dagang
tumpas,numpas
tunda,nunda
tunggu,dago
turun,lungsur
tutup,turub
uang,acis
untung,untung
utuh,kumplit
wajib,kudu
waspada,waspada
wow,wow
ya,enya
yakin,percanten
enam,gənəp
selasa,salasa
sabtu,saptu
minggu,minggu
matematika,matématika
Perhimpunan Bangsa-Bangsa Asia Tenggara,Organisasi Nagara-Nagara di Asia Tenggara
Organisasi Kesehatan Sedunia,Organisasi Kaséhatan Dunya
Merkurius,Mérkurius
Mars,Mars
Ceres,Ceres
Yupiter,Yupiter
Uranus,Uranus
Neptunus,Néptunus
Pluto,Pluto
Haumea,Haumea
Makemake,Makemake
Eris,Eris
planet katai,planét katé
Tata Surya,Sistim tatasurya
Alam semesta,Jagat
lubang hitam,liang hideung
Laut Kutub Utara,Samudra Arktik
Samudra Arktik,Samudra Arktik
Samudra Atlantik,Samudra Atlantik
Samudra Hindia,Samudra Hindia
Samudra India,Samudra Hindia
Lautan Teduh,Samudra Pasifik
Samudra Pasifik,Samudra Pasifik
Samudra Selatan,Samudra Kidul
Lautan Antartika,Samudra Kidul
kecil,leutik
keCil,leutik
membakar,meuleum
baja,waja
neraca,dacin
timbangan,dacin
neutron,neutron
baru,%anyar
baru7,%anyar
buntut,%buntut
makan,%dahar
telur,%endog
lemak,%gajih
keriN,%gariN
dara,%getih
darah,%getih
satu,%hiji
satu7,%hiji
gigi,%huntu
gigi7,%huntu
semua,%kabeh
kepala,%sirah
aer,Cai
air,Cai
data,data
informasi,data
angka kenyataan,data
jiwa,manah
manggis,manggu
tahu,5aho
kata,5arita
gigit,5eureud
ATP,ATP
adenosin trifosfat,ATP
Aku cinta kamu,Abdi bogoh ka anjeun
Aku cinta kepadamu,Abdi bogoh ka anjeun
Aku cinta padamu,Abdi bogoh ka anjeun
Aku sayang kamu,Abdi bogoh ka anjeun
Aku suka sama kamu,Abdi bogoh ka anjeun
Gua suka sama lu,Abdi bogoh ka anjeun
Saya cinta kamu,Abdi bogoh ka anjeun
saya cinta kamu,Abdi bogoh ka anjeun
aku cinta padamu,Abdi bogoh ka anjeun
aku sayang kamu,Abdi bogoh ka anjeun
aku cinta kepadamu,Abdi bogoh ka anjeun
aku cinta kamu,Abdi bogoh ka anjeun
aku suka sama kamu,Abdi bogoh ka anjeun
Accra,Accra
Afganistan,Afganistan
Afrika,Afrika
Agustus,Agustus
Aljir,Aljir
Alkitab,Alkitab
Andorra,Andorra
Antigua dan Barbuda,Antigua at Barbuda
Afghanistan,Apganistan
April,April
Asia,Asia
Bali,Bali
Bahasa Sunda,Basa Sunda
Beijing,Beijing
Beruang,Biruang
Bulan,Bulan
Belgia,Bélgia
negeri Belgia,Bélgia
%kupiN,Ceuli
teliNa,Ceuli
DNA,DNA
Desember,Désémber
Denmark,Dėnmark
Hong Kong,Hong Kong
"Hong Kong S.A.R., Cina",Hong Kong
India,India
Indonesia,Indonésia
Pulau Irian,Irian
januari,Januari
Januari,Januari
Jepang,Jepang
negara Jepang,Jepang
Juli,Juli
juli,Juli
Juni,Juni
Jerman,Jérman
negeri Jerman,Jėrman
Kairo,Kairo
katalan,Katalanya
Pelangi,Katumbiri
Laut Cina Selatan,Laut Cina Kidul
Malaysia,Malaysia
Bumi,Marcapada
Maret,Maret
Minggu,Minggu
Muhammad,Muhammad
Nabi Muhammad,Muhammad
Myanmar,Myanmar
Mei,Méi
mei,Méi
Meksiko,Méksiko
berbariN,NabohuN
d3N3r,NadeNe
mendeNar,NadeNe
%nama,Naran
%nama7,Naran
Nepal,Nepal
minum,Ninum
berenaN,Nojay
November,Nopémber
Octobre,Oktober
Oktober,Oktober
Pakistan,Pakistan
Matahari,Panonpoé
Perang Dunia I,Perang Dunya I
Februari,Pébruari
februari,Pébruari
Rumania,Romania
Rusia,Rusia
Republik Sosialis Uni Soviet,Rusia
Uni Soviet,Rusia
hari Sabtu,Saptu
sabat,Saptu
Seribu Satu Malam,Sarébu Hiji Peuting
Arab Saudi,Saudi Arabia
Selandia Baru,Selandia Baru
Shanghai,Shanghai
Siberia,Sibéria
Sierra Leone,Sierra Leone
Sri Lanka,Sri Langka
Stockholm,Stockholm
Sumatra,Sumatra
Swedia,Swédia
Sweden,Swédia
September,Séptémber
Tanzania,Tanzania
Vanuatu,Vanuatu
Vietnam,Viétnam
Belanda,Walanda
Holland,Walanda
Netherlands,Walanda
Zimbabwe,Zimbabwé
kata sifat,adjéktif
adjektiva,adjéktif
kata keadaan,adjéktif
adenosina trifosfat,adénosin trifosfat
pertanian,agrikultur
akar,akar
urat,akar
%saya,aiN
saya,aiN
zon,aiN
pindah,alih
engkau,anjeun
kamu,anjeun
anda,anjeun
lu,anjeun
saudara,anjeun
dia,anjeunna
anZiN,anjiN
anjiN,anjiN
angin,angin
aŋin,angin
anjing,anjing
anjiŋ,anjing
yang,anu
kalian,aranjeun
mereka,aranjeunna
ati7,ati
hepar,ati
atom,atom
awan,awan
perempuan,awewe
wanita,awewe
betina,awewe
mulut,baham
badak,badak
babi hutan,bagong
celeng,bagong
babi jantan,bagong
bantal,bantal
ayah,bapa
bapak,bapa
dengan,bareng
membengkak,bareuh
membeŋkak,bareuh
bengkak,bareuh
bahasa,basa
bahasa indonesia,basa Indonésia
bahasa akkadia,basa Inggris
bahasa inggris,basa Inggris
bahasa Inggris,basa Inggris
Bahasa Inggris,basa Inggris
bahasa italia,basa Itali
bahasa jawa,basa Jawa
bahasa esti,basa Jepang
bahasa jepang,basa Jepang
bahasa korea,basa Koréa
bahasa latin,basa Latin
bahasa Sanskerta,basa Sangsakerta
bahasa Sansekerta,basa Sangsakerta
bahasa sunda,basa Sunda
bahasa Sunda,basa Sunda
bahasa swedia,basa Swédia
bahasa turki,basa Turki
bahasa pemrograman,basa program
basah,baseuh
batu,batu
batu7,batu
biawak,bayawak
orang-orangan,bebegig
penakut burung,bebegig
senapan,bedil
bintang,bentung
beku,beku
dungu,belegug
geblek,belegug
goblok,belegug
bisu,belegug
betul,bener
bintaN,bentaN
bintaŋ,bentang
leher,beuheuN
léhér,beuheung
belah,beulah
merah,beureum
mérah,beureum
tikus,beurit
perut,beuteuN
belatung,bilatung
biji,binih
biZi,binih
biokimia,biokimia
putih,bodas
buah,buah
buah-buahan,bubuahan
sebiji buah,bubuahan
bubur,bubur
busuk,burung
anak,budak
buaya,buhaya
rambut,buk
buku,buku
bulan,bulan
bulat,buleud
bulu,bulu
ekor,buntot
ékor,buntot
botak,butak
bebal,béno
sontoloyo,béno
tolol,béno
banjir,caah
cacing,cacing
caciŋ,caciŋ
duduk,calik
pisang,cau
kuping,cepil
telinga,cepil
kupiŋ,ceuli
teliŋa,ceuli
jari kelingking,cingir
kelingking,cingir
jari telunjuk,curuk
tarjani,curuk
telunjuk,curuk
daun,daun
duan,daun
dagiN,dagiN
daging,daging
dagiŋ,daging
dahan,dahan
delapan,dalapan
lapan,dalapan
bupati,dalem
dat3N,dataN
dataN,dataN
datang,datang
dataŋ,datang
mendataŋi,datang
mendataŋ,datang
mendekati,datang
serta,datang
dekat,deukeut
di,di
di bawah,dihandap
di sini,dieu
sini,dieu
bekerja,digawe
[di] dalam,dijero
di dalam,dijero
[di] atas,diluhur
di atas,diluhur
di mana,dimana
dimana,dimana
di sana,ditu
situ,ditu
menduduk,diuk
dua,dua
duwa7,dua
bakar,duruk
sempit,déét
ibu,ema
telor,endog
teh,entéh
malu,era
es,es
itu,eta
eukaryota,eukariot
fotosintesis,fotosintésis
kering,garing
keriŋ,garing
istri,garwa
kilat,gelap
kelahi,gelut
ginjal,ginjal
gemuruh,guludug
guntur,guludug
bukit,gunuN
gunuN,gunuN
gunung,gunung
kabut,halimun
kantung empedu,hampru
kantong empedu,hampru
hangat,haneut
haNat,haneut
asap,haseup
atap,hateup
kompor,hawu
tungku,hawu
abu-abu,hawuk
hijau,hejo
hiZau,hejo
bukan,henteu
tidur,hes
menguap,heuay
meŋguap,heuay
lama,heubeul
terbang,hiber
terbaŋ,hiber
terbaN,hiber
hitam,hideuN
kehidupan,hirup
hujan,hujan
huZan,hujan
danta,huntu
ini,ieu
lidah,ilat
lida,ilat
rumah,imah
cucu,incu
bunda,indung
insulin,insulin
hormon insulin,insulin
tipis,ipis
bila,iraha
kapan,iraha
hiduN,iruN
iduN,iruN
hidung,irung
hiduŋ,irung
ranting,iteuk
jari manis,jariji
jari tengah,jajangkung
jari hantu,jajangkung
jari mati,jajangkung
jari panjang,jajangkung
jari malang,jajangkung
jalan,jalan
manusia,jalma
%insan,jalma
oraN,jalma
sayap,jangjang
ZantuN,jantuN
jantung,jantung
jauh,jauh
orang,jelema
oraŋ,jelema
dalam,jero
dan,jeung
rumput,jukut
juni,juni
dedemitan,jurig
polong,jurig
roh,jurig
jarum,jɘrum
kayu,kai
kaki,kaki
kelapa,kalapa
gali,kali
tebal,kandel
jahit,kaput
carboxylic,karboksilat
haid,kareseban
menstruasi,kareseban
datang bulan,kareseban
kanan,katuhu
pelangi,katumbiri
bianglala,katumbiri
limpa,kawaya
kura,kawaya
debu,kebul
buŋa,kembang
kembang,kembang
puspa,kembang
kiri,kenca
pasir,keusik
tua,kolot
kuniN,koneN
kuning,koneng
kuniŋ,koneng
kuda,kuda
kuku,kuku
kulit,kulit
belulaN,kulit
bagaimana,kumaha
daku,kuring
karena,kusabab
kutu,kutu
langit,langit
laŋit,langit
gugur,labuh
tumbang,labuh
lain,lain
laki-laki,lalaki
lelaki,lalaki
pria,lalaki
kalau,lamun
laba-laba,lancah
araneo,lancah
landak susu,landak
landak kecil,landak
landak,landak
ikan,lauk
laut,laut
lebar,lega
bumi,lemah
darat,lemah
tanah,lemah
licin,lemes
lurus,lempeng
tepat,leres
taNan,leuNeun
leukemia,leukemia
Zalan,leumpaN
berjalan,leumpang
tangan,leungeun
lengan,leungeun
hutan,leuweung
rimba,leuweung
taŋan,leuŋeun
lima,lima
nipis,limo
gempa bumi,lini
banyak,loba
bunglon,londok
diri,lugay
berdiri,lugay
kusta,lépra
melempar,maledogkeun
melémparkan,maledogkeun
eŋkau,maneh
beliau,maneh-na
ia,maneh-na
[d]ia,manehna
burung,manuk
buruŋ,manuk
buruN,manuk
pupuk,manur
mencuri,maok
meréka,maranehanana
maret,maret
memasak,masak
hulu,mastaka
mata,mata
mata7,mata
m3niNgal,mate
mati7,mate
harimau,maung
macan,maung
main,maén
menanam,melak
meremas,meres
memeras,meres
tarik,metot
membelah,meulah
membeli,meuli
mengikat,meungkeut
meŋikat,meungkeut
ikat,meungkeut
peras,meureut
minyak,minyak
berfikir,mikir
memikir,mikir
memilih,milih
tumpul,mintul
berburu,moro
buru,moro
memotoŋ,motong
memotong,motong
menetak,motong
pegang,muntang
belok,méngkol
bélok,méngkol
metabolisme,métabolisme
mendaki,naek
memanjat,naek
naik,naek
nama,nami
menangis,nangis
menaŋis,nangis
apa,naon
nyanyi,nembang
liyat,nempo
melihat,nempo
memukul,neunggeul
neutrino,neutrino
menémbak,ngabedil
baring,ngabohong
mendengar,ngadenge
mendeŋar,ngadenge
dengar,ngadéngé
menggaruk,ngagaro
meŋgarut,ngagaro
mangunyah,ngagayem
meŋuñah,ngagayem
berbaring,ngagoler
berbariŋ,ngagoler
gosok,ngagosok
menggali,ngali
mengalir,ngalir
meŋalir,ngalir
alir,ngalir
lempar,ngalung
apung,ngambang
mengapung,ngambang
menjahit,ngaput
nafas,ngarénghap
meŋgigit,ngegel
bermimpi,ngimpi
mimpi,ngimpi
menghitung,ngitung
meŋhituŋ,ngitung
hitung,ngitung
coret,ngoet
berenang,ngojay
berenaŋ,ngojay
renang,ngojay
berkata,ngomong
berbicara,ngomong
cuci,ngumbah
bertiup,niup
meniup,niup
tiup,niup
tusuk,nojos
menikam,nubles
menusuk,nubles
dorong,nulak
menumbuk,nutu
hapus,nyapukeun
memegang,nyekel
memegaŋ,nyekel
hisap,nyerot
bernafas,nyeunghap
bernapas,nyeunghap
mengisap,nyeuseup
meŋisap,nyeuseup
meludah,nyiduh
meludahi,nyiduh
ludah,nyiduh
mencium,nyium
empat,opat
ular,oray
pengiring pengantin,pagarayu
pendamping mempelai,pagarbagus
pagar,pager
prajurit,pajurit
serdadu,pajurit
tentara,pajurit
palu,palu
isteri,pamajikan
yad,panangan
panZaN,panjaN
panjaŋ,panjang
matahari,panonpoe
mata ari7,panonpoe
mata hari,panonpoe
mentari,panonpoe
surya,panonpoe
pendek,pendek
péndék,pendek
pedut,pepedut
isi perut,peujit
lambuŋ,peujit
usus,peujit
usus besar,peujit
usus kecil,peujit
mal3m,peutiN
malam,peutiN
payudara,pinareup
%payudara,pinareup
buah dada,pinareup
susu,pinareup
tete7,pinareup
pinus,pines
tusam,pines
kayu tusam,pines
p3nuh,pinuh
patah,pites
hari,poe
pulau,pulo
nusa,pulo
pulau kecil,pulo
pulau yang sangat kecil,pulo
Pebruari,pébruari
ayahanda,rama
bapa,rama
hari rabu,rebo
rabu,rebo
hari Rabu,rebo
nyamuk,reungit
ñamuk,reungit
anai-anai,rinyuh
rayap,rinyuh
robot,robot
luas,rubak
lébar,rubak
reptil,réptil
binatang melata,réptil
sedikit,saeutik
siapa,saha
suami,salaki
sembilan,salapan
salju,salju
sepuluh,sapuluh
binatang,sato
hewan,sato
satwa,sato
tajam,seukeut
api7,seuneu
tertawa,seuri
ketawa,seuri
tawa,seuri
isap,seuseup
bibit,siki
danau,situ
telaga,situ
angsa,soang
telapak kaki,suku
bahan bakar,suluh
Sum sum tulang,sungsum tulang
sumsum,sungsum tulang
sumsum tulang,sungsum tulang
dada,susu
pohon,taNkal
tiga7,taNkal
tabel periodik,tabel periodik
bahu,taktak
tali,tali
tanduk,tanduk
tarung,tarung
tahun,taun
tahun/milik kamu,taun
dingin,tiis
diŋin,tiis
tiga,tilu
diNin,tiris
belakaŋ,tonggong
punggung,tonggong
tujuh,tudjuh
tulaN,tulaN
tulang,tulang
tulaŋ,tulang
lutut,tur
tumbuh,tuwuh
testis,téstis
buah pelir,téstis
kami,uraN
kita,uraN
nen,uraN
uretra,urétra
muntah,utah
memuntahkan,utah
garam,uyah
sungai,wahangan
labu,waluh
kenyang,wareg
ekologi,ékologi
sembuñi,ñumput
alkana,alkana
amin,amen
antioksidan,antioksidan
Republik Arab Suriah,Républik Arab Suriah
Republik Argentina,Républik Argéntina
ikatan kovalen,beungkeut kovalén
nukleus,inti atom
inti atom,inti atom
inti sel,nukleus
pembuahan,fértilisasi
Persemakmuran Bahama,Pasamakmuran Bahama
Kepulauan Cook,Kapuloan Cook
Republik Demokratik Federal Etiopia,Républik Démokratik Féderal Étiopia
Republik Demokratis Rakyat Aljazair,Républik Démokratik Rahayat Aljazair
Republik Demokratik Rakyat Laos,Républik Démokratik Rahayat Leo
bahasa Jerman,basa Jérman
Republik Dominika,Républik Dominika
ester,éster
Republik Federasi Brasil,Républik Féderasi Brasil
Kepangeranan Andorra,Kapangéranan Andorra
kesehatan,kaséhatan
aparatus Golgi,awak Golgi
kompleks Golgi,awak Golgi
badan Golgi,awak Golgi
Kerajaan Hasyimiyah Yordania,Karajaan Hasyimiyah Yordania
halaman utama,tepas
internet,internét
Republik Islam mauritania,Républik Islam Mauritania
Jawa,pulo Jawa
Kamboja,Kamboja
hidrokarbon,hidrokarbon
karbon,karbon
zat arang,karbon
Republik Kooperatif Guyana,Républik Kooperatif Guyana
Kerajaan Bahrain,Karajaan Bahrain
Kerajaan Belgia,Karajaan Bélgia
Kerajaan Bhutan,Karajaan Butan
aditif makanan,aditif kadaharan
bahan tambahan makanan,aditif kadaharan
penyakit Hansen,kasakit Hansen
macan tutul,maung totol
Macan Tutul,maung totol
mitokondria,mitokondria
psikologi,psikologi
Republik Azerbaijan,Républik Azerbaijan
Republik Armenia,Républik Arménia
Republik Benin,Républik Bénin
Republik Botswana,Républik Botswana
Republik Guinea Khatulistiwa,Républik Guinéa Khatulistiwa
ribosom,ribosom
Saint Vincent dan Grenadines,Saint Vincent jeung Grénadin
alam semesta,jagat
jagad raya,jagat
Uni Emirat Arab,Uni Émirat Arab
Kerajaan Bersatu Britania Raya dan Irlandia Utara,Karajaan Ngahiji Britania Raya jeung Irlandia Kalér
Republik Rakyat Bangladesh,Républik Rahayat Bangladés
hidrogen,hidrogén
zat air,hidrogén
Republik Afrika Tengah,Républik Afrika Tengah
interaksi,interaksi
gula,gula
sakar,gula
vagina,liang heunceut
puki,liang heunceut
oksigen,oksigén
zat asam,oksigén
zat pembakar,oksigén
ilmu,élmu
-logi,-logi
Kekristenan,Kristen
Kristen,Kristen
Nasrani,Kristen
mengkudu,cangkudu
alur,galur
sanggup,kersa
akselerasi,akselerasi
percepatan,akselerasi
umur,yuswa
usia,yuswa
alkuna,alkuna
ketiak,kelek
bibi,ébé
tante,ébé
ébé,ébé
bayi,ᮇᮛᮧᮊ᮪
balsem,duyungson
basalt,basalt
kampret,lalai
kelelawar,lalai
kelawar,lalai
batik,batik
beruang,ontohod
beruang madu,ontohod
lantaran,jalaran
dikarenakan,jalaran
bangsat,tumbila
kepinding,tumbila
kutu busuk,tumbila
tinggi,tumbila
bengkok,bingkeng
didih,golak
kitab,ᮘᮥᮊᮥ
boraks,pijer
bleng,pijer
cetitet,pijer
pijer,pijer
ilmu tumbuh-tumbuhan,élmu tutuwuhan
mematahkan,mites
sapu,sapu
abang,raka
adik perempuan,raka
kakak perempuan,raka
saudari,raka
taring,sihung
ibukota,dayeuh
kucing,êméng
kelabang,babakaur
lipan,babakaur
kancil,pecang
pelanduk,pecang
kanak,murangkalih
dagu,angkeut
talenan,rampadan
bundar,bunder
iklim,ᮄᮊᮣᮤᮙ᮪
jam,jam
lonceng,jam
pakaian,baju
berawan,reueuk
cengkih,ᮎᮨᮀᮊᮦᮂ
kacoa,cucunguk
kecoa,cucunguk
kecoak,cucunguk
gumpalan,taiyeur
humor,bodor
lawak,bodor
komedi,bodor
jenazah,mayit
bangkai,layon
kelemumur,totombé
ketombe,totombé
berangkat,angkat
kontol,kanjut
titit,kanjut
peler,kanjut
kanjut,kanjut
skrotum,kanjut
jarak,anggang
menjauhi,anggang
anjing jantan,asu
lumba-lumba,ᮜᮥᮙ᮪ᮘᮜᮥᮙ᮪ᮘ
sedot,unjal
unduh,unjal
donlod,unjal
lantai bawah,landeh
bebek,meri
durian,duren
duli,kekebul
berdebu,belewuk
eko-,éko-
gajah,ᮌᮏᮂ
bara,ruhay
rekayasa,ᮛᮦᮊᮚᮞ
teknik,ᮛᮦᮊᮚᮞ
gas buangan,kelun
fajar,solat subuh
salat subuh,solat subuh
segelintir,sakedik
kebakaran,kahuruan
perapian,anglo
teguh,keyeng
lembek,biyé
salur,kucur
salir,kucur
semerbak,ᮓᮜᮤᮀᮓᮤᮀ
katak,bangkong
kodok,bangkong
garuda,dadali
geometri,ᮆᮜ᮪ᮙᮥ ᮅᮊᮥᮁ
kambing,êmbé
kubur,pakuburan
makam,pakuburan
pekuburan,pakuburan
pusara,pakuburan
kakek buyut,aki uyut
nenek buyut,nini uyut
air tanah,ᮎᮄ ᮒᮔᮩᮂ
ngaceng,nyogong
kasar,loma
helium,hélium
tanah air,lemah cai
apabila,upami
jika,upami
batuan beku,batu igneus
miring,sempong
baharu,weuteuh
nangka,ᮔᮀᮊ
kendang,ᮊᮨᮔ᮪ᮓᮀ
kendhang,ᮊᮨᮔ᮪ᮓᮀ
batu ginjal,geureugeuseun
dengkul,teku
laktosa,laktosa
penyakit kusta,ᮊᮥᮞ᮪ᮒ
cahaya,ᮎᮠᮚ
pemantik,gérétan
korek api gas,gérétan
baris,gurat
linguistik,linguistik
litium,litium
gada,gegendir
magma,magma
jagung,ᮏᮌᮧᮀ
obat,ᮒᮒᮙ᮪ᮘ
batuan metamorf,batu metamorfosis
kaki seribu,titinggi
mukjizat,mukjizat
molekul,molekul
murung,angluh
masjid,masigit
mesjid,masigit
berlumpur,bolokot
otot,ᮇᮒᮧᮒ᮪
dasi,dasi
tak,sanés
telanjang,ulutud
angka,ᮝᮤᮜᮍᮔ᮪
bilang,ᮝᮤᮜᮍᮔ᮪
lautan,jaladri
samudra,jaladri
sawah,sawah
sawah padi,sawah
lada,pedes
merica,pedes
piknik,mayor
nanas,ᮓᮔᮞ᮪
nenas,ᮓᮔᮞ᮪
ananas,ᮓᮔᮞ᮪
merah jambu,kayas
merah muda,kayas
planit,planét
tumbuh-tumbuhan,ᮕᮨᮕᮨᮜᮊᮔ᮪
bermain,ameng
permainan,ameng
polisi,pulisi
kolam,ᮘᮜᮧᮀ
pangeran,ᮕᮍᮦᮛᮔ᮪
kepulan,peledug
persegi panjang,pasagi burung
terkenal,katelah
masyur,katelah
belah ketupat,beulahat kupat
kumal,kucel
bicara,carios
gunting,ᮌᮥᮔ᮪ᮒᮤᮀ
kalajengking,ᮊᮜ
garuk,garo
kantong pelir,ᮊᮔ᮪ᮏᮥᮒ᮪
musim,usum
detik,ᮓᮨᮒᮤᮊ᮪
sekon,ᮓᮨᮒᮤᮊ᮪
batuan sedimen,batu tamperan
batuan endapan,batu tamperan
pandang,tingali
saksi,tingali
tonton,tingali
sutra,sutra
ulat sutra,hileud sutra
lagu,kawih
tembang,kawih
lengan baju,leungeun baju
kemalasan,hoream
remas,rames
tikam,tewek
setom,setum
uap,setum
uap air,saab
anak sungai,susukan
belerang,walirang
sulfur,walirang
cerah,lénglang
tabu,pamali
ca,ᮈᮔ᮪ᮒᮦᮂ
poci,ᮒᮦᮊᮧ
teko,ᮒᮦᮊᮧ
poci teh,ᮒᮦᮊᮧ
suhu,ᮞᮥᮠᮥ
ngotot,keukeuh
makasih,hatur nuhun
pengukur suhu,ᮒᮦᮁᮙᮧᮙᮦᮒᮨᮁ
fikir,ngamanah
duri,rucuk
WC,jamban
kamar kecil,jamban
toilet,jamban
segitiga,juru tilu
segi tiga,juru tilu
persegi tiga,juru tilu
keruh,lecek
ubah,robah
dua puluh,likur
tegak,ajeg
lantai atas,tonggoh
air kencing,ᮎᮤᮊᮤᮄᮂ
urine,ᮎᮤᮊᮤᮄᮂ
air kemih,ᮎᮤᮊᮤᮄᮂ
air seni,ᮎᮤᮊᮤᮄᮂ
hampa udara,ᮛᮧᮠᮍᮔ᮪ ᮠᮕ
kecepatan,ᮜᮏᮥ
velositas,ᮜᮏᮥ
kata kerja,kecap pagawean
pinggang,angkeng
mencuci,kumbah
kerbau,munding
selamat datang,wilujeng sumping
selamat pagi,wilujeng sumping
selamat siang,wilujeng sumping
ke mana,timanten
rahim,ᮕᮤᮃᮔᮊᮔ᮪
air terjun,curug
sejarah,sajarah
pH,pH
macan dahan,macan dahan
Amsterdam,Amsterdam
Asia Selatan,Asia Kidul
Asia Tenggara,Asia Tenggara
Hijrah,Hijrah
Laos,Laos
Mongolia Dalam,Mongolia Jero
Timur Tengah,Wétan Tengah
Advanced Technology Attachment,Advanced Technology Attachment
Singapura,Singapura
Yokohama,Yokohama
asam asetat,asam asétat
asam cuka,asam asétat
asam etanoat,asam asétat
asetil hidroksida,asam asétat
asam metanakarboksilat,asam asétat
asam amino,asam amino
asam dokosaheksaenoat,"asam (4Z,7Z,10Z,13Z,16Z,19Z)-dokosahéksaénoat"
asam deoksiribonukleat,asam déoksiribonukléat
asam semut,asam aminat
asam format,asam aminat
oksometanol,asam aminat
hidroksimetana,asam aminat
asam formilat,asam aminat
asam oksokarbinat,asam aminat
asam metakarbonoat,asam aminat
hidroksimetanon,asam aminat
asam formiat,asam aminat
asam aminat,asam aminat
asam hidrogen karboksilat,asam aminat
asam metanoat,asam aminat
asam laktat,asam susu
asam susu,asam susu
asam 2-hidroksipropanoat,asam susu
pengacara,prokol
aerogel,aérojél
cakram Blu-ray,cakram Blu-ray
medan magnet,médan magnétik
muatan listrik partikel,muatan listrik partikel
derajat Celsius,darajat Celsius
kepadatan,kapadetan populasi
karbon dioksida,karbon dioksida
zat asam arang,karbon dioksida
serat optik,serat optik
fisi nuklir,fisi nuklir
fusi nuklir,fusi nuklir
gorila,gorilla
golongan tabel periodik,golongan tabél periodik
golongan darah,golongan getih
igloo,igloo
kilometer persegi,kilométer pasagi
letnan kolonel,létnan Kolonél
Alzheimer,panyakit Alzheimer
mikrobiologi,mikrobiologi
monosakarida,monosakarida
karbon monoksida,karbon monoksida
muharram,muharom
meter,méter
meter persegi,méter pasagi
metamorf,métamorfosis
titik G,G-Spot
proton,proton
Jazirah Arab,Semenanjung Arab
vodka,vodka
Epilepsi,Épilépsi
pompa,kompa
sensor,sénsor
Ukraina,Ukraina
sepeda motor,motor
etika,étika
Bilangan bulat,Integer
senyawa organik,sanyawa organik
onta,onta
unta,onta
Albania,Albania
Aljazair,Aljazair
Paskah,Paskah
geologi,géologi
hidrologi,hidrologi
bahasa asing,basa kosta
senin,senén
Senin,senén
kura-kura,kuya
penyu,kuya
Allah,Alloh
Al-Qur'an,Qur'an
Dagestan,Dagéstan
Eritrea,Eritrea
Eropa,Éropa
Yesus,Yesus
Kuwait,Kuwait
Paris,Paris
Saturnus,Saturnus
Senegal,Senegal
Togo,Togo
Uganda,Uganda
Venezuela,Vénézuéla
Venus,Vénus
KamusWiki,Wiktionary
Wiktionary,Wiktionary
perselingkuhan,jinah
alfabet,alpabét
aliterasi,purwakanti
aluminium,aluminium
anemia,anémia
antonim,antonim
lawan kata,antonim
asma,asma
falak,astronomi
astronomi,astronomi
ilmu bintang,astronomi
astrologi,astrologi
sepeda,sapédah
biologi,biologi
kupukupu,kukupu
kafeina,kaféin
kondensator,kapasitor
bahasa Cebuano,Cebuano
sensus,sénsus
anak kunci,sosi
kota,kota
tabung,silinder
kloaka,kloaka
kalsium,kalsium
kanker,kangker
buta warna,lolong warna
diabetes,diabétes
elektron,éléktron
spermatozoid,spermatozoon
spesies,spésiés
evolusi,évolusi
falsafah,filsafat
filsafat,filsafat
frekuensi,frékuénsi
fulerena,fullerin
fungsi,fungsi
galaksi,galaksi
genetika,genetika
geografi,géografi
glukosa,glukosa
cengkerik,jangkrik
hemofilia,hémofilia
horison,sisi langit
kaki langit,sisi langit
hormon,hormon
yen,yén
yodium,iodin
isotop,isotop
lantanum,lanthanum
sel darah putih,sél getih bodas
singa,singa
liter,léter
belalang sentadu,congcorang
pensil,patlot
potlot,patlot
kera,monyét
monyet,monyét
kapak,kampak
makromolekul,makromolekul
bahasa Melayu,Malayu
massa,massa
median,median
kedokteran,tatamba
menopause,ménopause
meja,méja
mikrofon,mikropon
mikroskop,mikroskop
nanoteknologi,nanotéhnologi
kertas,kertas
segi lima,juru lima
pestisida,péstisida
politik,pulitik
persegi,pasagi bener
sukrosa,sukrosa
haus,hanaang
sari buah,sari bungbuahan
tembakau,bako
tiamina,tiamin
transistor,transistor
Tetun,Tetum
vektor,véktor
tulang punggung,vertebra
zoroastrianisme,zoroastrianisme
sel telur,ovum
organ,organ
Australia,Australia
Baku,Baku
Yerusalem,Yerusalem
Krimea,Krimea
Filipina,Pilipina
Skotlandia,Skotlandia
bis,beus
bus,beus
advokat,advokat
aikido,aikido
anus,bool
dubur,bool
lubang bokong,bool
ayatullah,Ayatollah
balet,balet
bank,bank
agama Buddha,agama Buddha
kalung,kangkalung
manik-manik,kangkalung
merjan,kangkalung
timur,wétan
kedelapan,kadalapan
masa,waktu
waktu,waktu
gas,gas
harian,koran
koran,koran
surat kabar,koran
gravitasi,gravitasi
demokrasi,demokrasi
dialek,dialék
barat,kulon
mahkota,makuta
korupsi,basilat
wijen,wijen
lift,lift
magnet,magnét
malaria,malaria
mineral,mineral
keping,duit logam
kepingan,duit logam
koin,duit logam
uang logam,duit logam
jembatan,rawayan
cangkul,pacul
semut,sireum
sabun,sabun
madu,madu
batu nisan,paésan
salat,solat
nikotina,nikotin
ketimun,bonténg
mentimun,bonténg
sebelas,sabeulas
ozon,ozon
ejaan,ortografi
jajar genjang,pasagi doyong
pertama,kahiji
pantai,basisir
letkol,létnan kolonél
kelima,kalima
jumat,jumaah
hari Jumat,jumaah
yumat,jumaah
raket,rékét
saksofon,saksofon
perak,pérak
siamang,siamang
sintaksis,sintaksis
kamus,kamus
gelas,kaca
kaca,kaca
ratus,saratus
seratus,saratus
capung,papatong
ketiga,katilu
ribu,sarebu
seribu,sarebu
setrika,istrikaan
filologi,filologi
piano,piano
fotografi,fotografi
kromosom,kromosom
selulosa,selulosa
kamis,kemis
hari Kamis,kemis
bawang merah,bawang beureum
catur,catur
elektrolisis,éléktrolisis
selatan,kidul
apel,apel
saga,saga
aur,awi
bambu,awi
buluh,awi
koronavirus,koronavirus
